{
  "name" : "UnderstandingBillOptions",
  "type" : "ENUMVALUES",
  "enumValues" : [ {
    "canonicalName" : "I don't understand my bill",
    "synonyms" : null
  }, {
    "canonicalName" : "I need other billing help",
    "synonyms" : null
  }, {
    "canonicalName" : "My bill is higher than usual",
    "synonyms" : null
  } ],
  "namedEntityRuleParams" : [ ],
  "multiValue" : false,
  "fuzzyMatch" : true,
  "promptForDisambiguation" : true,
  "botPrompts" : [ ],
  "validationRules" : [ ],
  "compositeBagItems" : [ ]
}