{
  "name" : "OutageOptions",
  "type" : "ENUMVALUES",
  "enumValues" : [ {
    "canonicalName" : "Check Outage Status",
    "synonyms" : [ "status", "check status" ]
  }, {
    "canonicalName" : "Report an Outage",
    "synonyms" : [ "report" ]
  } ],
  "namedEntityRuleParams" : [ ],
  "multiValue" : false,
  "fuzzyMatch" : true,
  "promptForDisambiguation" : true,
  "botPrompts" : [ {
    "text" : "Please enter Entity1",
    "sequenceNr" : null
  } ],
  "validationRules" : [ ],
  "compositeBagItems" : [ {
    "sequenceNr" : 1,
    "name" : "OutageOptions",
    "type" : "ENTITY",
    "entityName" : "ADDRESS",
    "entityUsage" : {
      "name" : "ADDRESS",
      "description" : null,
      "patternExpression" : null,
      "type" : "SYSTEM",
      "enumValues" : null,
      "prompts" : null,
      "parentEntity" : null,
      "nextUpdateAt" : null,
      "multiValue" : false,
      "fuzzyMatch" : false,
      "promptForDisambiguation" : true,
      "disambiguationPrompt" : null,
      "enumRangeSize" : null,
      "errorMessage" : null,
      "namedEntityRuleParams" : [ ],
      "botPrompts" : [ ],
      "validationRules" : [ ]
    },
    "maxPrompts" : 2,
    "multiValue" : false,
    "fuzzyMatch" : false,
    "outOfOrderExtraction" : true,
    "promptForDisambiguation" : false,
    "promptForValue" : "false"
  } ]
}