category_path,questions,content
Ways to Save,"Why does ComEd pick up and recycle old, working refrigerators and freezers?","This service is offered as part of the ComEd Energy Efficiency Program, and is one of many opportunities that ComEd has designed to help our customers save money and energy in their homes. Find more ways to save atComEd.com/HomeSavings."
Ways to Save,Do I need my ComEd account number when I schedule an appointment?,"In order for us to complete the scheduling process in one step, please have your ComEd account number available. If you don’t have it handy, we can still create the order in a pending status and then look up your ComEd account number. If we have any trouble finding it, we’ll contact you to get more information. We reserve the right to deny service to any customer who uses abusive or threatening language and/or behavior with any of our employees."
Ways to Save,Why does my refrigerator or freezer need to be between 10 and 30 cubic feet (interior)?,This size range allows us to offer this service free of charge and to provide a financial incentive to customers who participate. Most residential refrigerators and freezers are between 10 and 30 cubic feet (interior).
Ways to Save,How long will it take to remove my refrigerator or freezer from my home?,"
Once the crew arrives, it typically takes no more than 10-15 minutes, depending on where the unit is located within your home. For example, a unit in your garage may be easier to remove than a unit that must be carried up from your basement. You can expect a reminder call 1-2 days in advance providing you with a more specific four-hour window of time, along with a call from the crew on the day of the appointment to let you know they’re on their way. When you schedule your appointment, please be sure to provide the best phone number at which we can reach you."
Ways to Save,How do I know if my refrigerator or freezer is the correct size?,"We have atool on our webpage to help you determine the actual size of the unit you want to recycle. All you need to do is take a few simple measurements of the interior space and press the ""Calculate"" button. We’ve also included a diagram to show you how to take those measurements by clicking on ""View an Example""."
Ways to Save,Who will come to my home to pick up my refrigerator or freezer?,"ComEd has contracted with a company named Recleim to perform the scheduling, collection and recycling functions for this service. A specially trained, two-person crew will come to your home to pick up your old unit."
Ways to Save,How long will it take to get my incentive?,You will receive your incentive within approximately 4 weeks of the pickup date.
Ways to Save,How long will it take to schedule an appointment?,"When you decide to schedule an appointment, it should take you less than 5 minutes to provide all of the necessary information. Please note that the customer service representatives typically experience their heaviest call volumes early in the week, especially on Mondays. "
Ways to Save,How will getting rid of my old refrigerator or freezer affect my electric bill?,"The unit we remove from your home will no longer be using electricity, so you will begin to realize immediate savings on your electric bills. The exact savings vary by customer depending upon the characteristics of the unit we remove, but you may save up to $110 per year.
"
Ways to Save,Why does my unit need to be working in order for ComEd to pick it up?,"In order to help customers reduce their electricity use, and to also help reduce the overall demand placed on the electric grid, only working units qualify for this service."
Ways to Save,"Why doesn't ComEd recycle other appliances, such as clothes washers and dishwashers?","
There are many items that use electricity throughout your home, though not all are used on a daily basis. For example, you likely use your clothes washer or dishwasher for only a handful of loads each week. However, the food in your refrigerator or freezer needs to stay cold or frozen 24 hours each day, every day. These appliances continuously cycle on and off in order to keep your food at the desired temperature, and it’s these old, inefficient units that we’re trying to remove from the electric grid."
Ways to Save,How many refrigerators and freezers has ComEd recycled?,"
Since this service began for ComEd customers in June 2008, more than 410,000 old, working refrigerators and freezers have been recycled."
Ways to Save,Is there an age limit on the refrigerators and freezers ComEd will pick up?,"We collect old, inefficient refrigerators and freezers of any age. The units that we collect from our customers are typically around 20 years old, with many being even older."
Ways to Save,What can I do to let other people know about this recycling opportunity?,Spread the word to other ComEd customers. Let your friends and family know about ComEd’s Fridge & Freezer Recycling. All of the same eligibility requirements and benefits apply. Help us make Northern Illinois a better place to live!
Ways to Save,What happens to my old refrigerator or freezer?,"
All units are taken to a local area facility, where the recycling process begins. No units are sold, donated, or reused in any manner - they are permanently removed from the electric grid. Approximately 95% of the material in each unit is separated and recycled in an environmentally responsible way. The glass, metal, plastic, oil, and refrigerant are kept out of landfills and waterways, which helps protect our environment."
Ways to Save,My old refrigerator or freezer doesn't work. How can I get rid of it or another appliance that ComEd doesn't recycle?,"
We suggest that you contact the local waste management company for the area in which you live to determine disposal options for non-working units. You might also consider contacting a local scrap metal dealer or other private garbage hauler for assistance."
Ways to Save,Is there a specific process followed for the recycling of the units that ComEd collects?,ComEd participates in the Environmental Protection Agency (EPA) Responsible Appliance Disposal (RAD) program. This voluntary partnership helps to protect the ozone layer and reduce emissions of greenhouse gases by recovering ozone-depleting chemicals. Learn more about theEPA RAD program.
Ways to Save,What type of incentive choices do I have?,"You can select to receive your incentive by check, Visa card or virtual Visa card. Virtual Visa cards are delivered by email and can be used immediately."
Ways to Save,Do I need to be home during the scheduled pickup?,"
Yes, either you or someone authorized by you over the age of 18 must be home for the scheduled pickup. Please note the crews are not authorized to collect unattended units left outside of homes or businesses."
Ways to Save,Why does my refrigerator or freezer need to be empty and in an accessible area?,"For safety purposes, the crews are not allowed to collect refrigerators that are either not empty or inaccessible. We want to keep our customers and employees safe from injury and illness."
Peak Time Savings,Is there a cost if I elect to receive Peak Time Savings text notifications?,"Standard SMS rates may apply from your mobile service provider. If you no longer want to receive text alerts, simply change yourPTS notification preferences.(Note: responding STOP to any PTS text alert will remove you from ALL ComEd SMS text messages).

"
Ways to Save,Why can't the crew give me my incentive at the time of pickup?,"For security purposes, crew members do not carry cash or any other type of incentive with them."
Ways to Save,How can I check the status of my appointment or incentive?,You can check the status of your appointment and incentive by going online to the customer web portal (follow the link on your confirmation email) or calling us at 855-433-2700.
Peak Time Savings,What is Peak Time Savings?,"Peak Time Savings is a program from ComEd that pays you back for using less energy. ComEd will credit your energy bill when you reduce your energy use during Peak Time Savings Hours, which typically occur for a few hours between 11 a.m. and 7 p.m. when most air conditioners are on, stores are open and factories are running.Historically ComEd has announced between three and five Peak Time Savings Hours events during the summer season, which runs between June 1 and Sept 30.
"
Ways to Save,What happens after I receive my incentive?,You may receive a survey by email or a member of our team may contact you to ask you some questions about your experience with the program. Please note the results of these surveys help us provide you with better service.
Peak Time Savings,Can I participate in Peak Time Savings if ComEd is not my supplier?,Yes. You can participate regardless of who supplies your electricity.
Peak Time Savings,How do I know if I have a smart meter?,"You have a smart meter if the meter number on your bill begins with a '2.' Check the 'Meter Information' box near the top of the back of your bill. Smart meters also have a Silver Spring Networks or Aclara sticker affixed at the top of the face of the meter. Smart meters do not have spinning dials on their faces.
"
Peak Time Savings,Who can participate in Peak Time Savings?,"Customers in homes with smart meters and who are not enrolled in conflicting programs are eligible to participate.Customers may not participate simultaneously in Peak Time Savings and Central AC Cycling. Additionally, if you are a net metering customer, you are not eligible to participate in the PTS program because you are already reimbursed for reducing your electric usage.
"
Peak Time Savings,What if I don't reduce my electricity use during a Peak Time Savings Hours?,"There is no penalty for not participating and you can still participate in future Peak Time Savings Hours and earn bill credits.
"
Peak Time Savings,Why is the Peak Time Savings program being offered?,"ComEd is offering this program to encourage customers to use less energy during times when it is most in demand. This can help reduce the need to operate additional fossil-fuel power plants during peak energy usage times, thereby lowering the emissions that would otherwise be released into the atmosphere. Additionally, by returning financial incentives to participating customers in the form of bill credits, the program is delivering on the promise that smart meters can help customers save money and control their energy usage. Learn more about the benefits of smart meters atComEd.com/SmartMeter."
Peak Time Savings,When does the Peak Time Savings program begin?,"The Peak Time Savings summer season begins June 1 and ends September 30 of every year.
"
Peak Time Savings,How will I know when Peak Time Savings Hours will occur?,"When you enroll, you can choose to be notified by phone call, text message or email. You will be notified on the day when Peak Time Savings events will occur - as early as 9 a.m. or at least 30 minutes prior to the start of an event. PTS Hours are also announced by ComEd on Facebook and Twitter.
"
Peak Time Savings,How many Peak Time Savings Hours will occur?,"Historically ComEd has announced between three and five Peak Time Savings Hours events during the summer season, occurring for a few hours between 11 a.m. and 7 p.m.
"
Peak Time Savings,How will I be notified about how much Peak Time Savings hours ComEd has credited my account?,"You will be notified via phone call, text message or email (based on your preference) approximately 24 hours after the Peak Time Savings Hours occurs. You can also log in toComEd.com/MyAccountto see how much you've earned, and get tips on how to manage your energy use and earn a larger credit next time."
Peak Time Savings,What is a Peak Time Savings bill credit?,"If you successfully reduce your energy usage to below what you normally would have used during a Peak Time Savings Hours event, you will see a credit applied to your next applicable energy bill. It will appear as actual dollars off your total amount due on your next energy bill or the following bill.
"
Peak Time Savings,How is credit Peak Time Savings on my bill calculated?,"ComEd uses a formula based on your typical usage history to predict how much energy you would normally have used during Peak Time Savings Hours. After this number is normalized for weather and other variables, ComEd then subtracts the amount of energy that you actually used to determine how much energy you saved. For every kilowatt-hour (kWh) of electricity you save, you will earn a credit of $1.00, which will appear as actual dollars off your total amount due on your next ComEd bill or the following bill.
"
Peak Time Savings,How much is a typical savings amount with Peak Time Savings?,"How much you save depends on the actions you take to reduce your usage, the characteristics of your home, and your typical energy use. As an estimate, we expect that most customers will receive a $1 to $12 credit on their bill per Peak Time Savings Hours when they participate. Log in toComEd.com/MyAccount to get additional Peak Time Savings tips."
