{
  "name" : "Outage",
  "type" : "NLPIntent",
  "intentParameters" : [ {
    "name" : "OutageOptions",
    "required" : true,
    "entity" : "OutageOptions"
  } ],
  "exampleData" : [ {
    "sentence" : "Power outage in my area.",
    "translated" : null,
    "detectedLanguage" : null,
    "translatedLanguage" : null,
    "translatedBy" : null,
    "exampleEntities" : [ ]
  }, {
    "sentence" : "What's my outage status?",
    "translated" : null,
    "detectedLanguage" : null,
    "translatedLanguage" : null,
    "translatedBy" : null,
    "exampleEntities" : [ ]
  }, {
    "sentence" : "How do I report an outage?",
    "translated" : null,
    "detectedLanguage" : null,
    "translatedLanguage" : null,
    "translatedBy" : null,
    "exampleEntities" : [ ]
  }, {
    "sentence" : "Why is my power out?",
    "translated" : null,
    "detectedLanguage" : null,
    "translatedLanguage" : null,
    "translatedBy" : null,
    "exampleEntities" : [ ]
  }, {
    "sentence" : "I want to report and outage.",
    "translated" : null,
    "detectedLanguage" : null,
    "translatedLanguage" : null,
    "translatedBy" : null,
    "exampleEntities" : [ ]
  }, {
    "sentence" : "My power is out.",
    "translated" : null,
    "detectedLanguage" : null,
    "translatedLanguage" : null,
    "translatedBy" : null,
    "exampleEntities" : [ ]
  }, {
    "sentence" : "When will my lights be back on?",
    "translated" : null,
    "detectedLanguage" : null,
    "translatedLanguage" : null,
    "translatedBy" : null,
    "exampleEntities" : [ ]
  }, {
    "sentence" : "Part of my power is out.",
    "translated" : null,
    "detectedLanguage" : null,
    "translatedLanguage" : null,
    "translatedBy" : null,
    "exampleEntities" : [ ]
  }, {
    "sentence" : "When will my power be restored?",
    "translated" : null,
    "detectedLanguage" : null,
    "translatedLanguage" : null,
    "translatedBy" : null,
    "exampleEntities" : [ ]
  }, {
    "sentence" : "My lights are out.",
    "translated" : null,
    "detectedLanguage" : null,
    "translatedLanguage" : null,
    "translatedBy" : null,
    "exampleEntities" : [ ]
  }, {
    "sentence" : "Update on power outage.",
    "translated" : null,
    "detectedLanguage" : null,
    "translatedLanguage" : null,
    "translatedBy" : null,
    "exampleEntities" : [ ]
  }, {
    "sentence" : "My neighbor's lights are out.",
    "translated" : null,
    "detectedLanguage" : null,
    "translatedLanguage" : null,
    "translatedBy" : null,
    "exampleEntities" : [ ]
  }, {
    "sentence" : "Power out!",
    "translated" : null,
    "detectedLanguage" : null,
    "translatedLanguage" : null,
    "translatedBy" : null,
    "exampleEntities" : [ ]
  }, {
    "sentence" : "Half of my house lights are out.",
    "translated" : null,
    "detectedLanguage" : null,
    "translatedLanguage" : null,
    "translatedBy" : null,
    "exampleEntities" : [ ]
  }, {
    "sentence" : "When will my power be back on?",
    "translated" : null,
    "detectedLanguage" : null,
    "translatedLanguage" : null,
    "translatedBy" : null,
    "exampleEntities" : [ ]
  }, {
    "sentence" : "I need an outage update.",
    "translated" : null,
    "detectedLanguage" : null,
    "translatedLanguage" : null,
    "translatedBy" : null,
    "exampleEntities" : [ ]
  }, {
    "sentence" : "How long until my power is back on?",
    "translated" : null,
    "detectedLanguage" : null,
    "translatedLanguage" : null,
    "translatedBy" : null,
    "exampleEntities" : [ ]
  }, {
    "sentence" : "I have a partial power outage.",
    "translated" : null,
    "detectedLanguage" : null,
    "translatedLanguage" : null,
    "translatedBy" : null,
    "exampleEntities" : [ ]
  }, {
    "sentence" : "Why is some of my power out?",
    "translated" : null,
    "detectedLanguage" : null,
    "translatedLanguage" : null,
    "translatedBy" : null,
    "exampleEntities" : [ ]
  }, {
    "sentence" : "What is my restoration time?",
    "translated" : null,
    "detectedLanguage" : null,
    "translatedLanguage" : null,
    "translatedBy" : null,
    "exampleEntities" : [ ]
  }, {
    "sentence" : "Outage",
    "translated" : null,
    "detectedLanguage" : null,
    "translatedLanguage" : null,
    "translatedBy" : null,
    "exampleEntities" : [ ]
  } ]
}