{
  "name" : "exit",
  "description" : "The intent that is used when the user attempts to exit the flow or context that they are currently in.",
  "intentParameters" : [ ],
  "exampleData" : [ {
    "sentence" : " abort",
    "translated" : null,
    "detectedLanguage" : null,
    "translatedLanguage" : null,
    "translatedBy" : null,
    "exampleEntities" : [ ]
  }, {
    "sentence" : " never mind",
    "translated" : null,
    "detectedLanguage" : null,
    "translatedLanguage" : null,
    "translatedBy" : null,
    "exampleEntities" : [ ]
  }, {
    "sentence" : " bye",
    "translated" : null,
    "detectedLanguage" : null,
    "translatedLanguage" : null,
    "translatedBy" : null,
    "exampleEntities" : [ ]
  }, {
    "sentence" : " cancel",
    "translated" : null,
    "detectedLanguage" : null,
    "translatedLanguage" : null,
    "translatedBy" : null,
    "exampleEntities" : [ ]
  }, {
    "sentence" : "stop",
    "translated" : null,
    "detectedLanguage" : null,
    "translatedLanguage" : null,
    "translatedBy" : null,
    "exampleEntities" : [ ]
  }, {
    "sentence" : " quit",
    "translated" : null,
    "detectedLanguage" : null,
    "translatedLanguage" : null,
    "translatedBy" : null,
    "exampleEntities" : [ ]
  }, {
    "sentence" : " goodbye",
    "translated" : null,
    "detectedLanguage" : null,
    "translatedLanguage" : null,
    "translatedBy" : null,
    "exampleEntities" : [ ]
  }, {
    "sentence" : " exit",
    "translated" : null,
    "detectedLanguage" : null,
    "translatedLanguage" : null,
    "translatedBy" : null,
    "exampleEntities" : [ ]
  }, {
    "sentence" : " I am done",
    "translated" : null,
    "detectedLanguage" : null,
    "translatedLanguage" : null,
    "translatedBy" : null,
    "exampleEntities" : [ ]
  } ]
}