{
  "name" : "WelcomeOptions",
  "type" : "ENUMVALUES",
  "enumValues" : [ {
    "canonicalName" : "Appliances Rebates & Recycling",
    "synonyms" : null
  }, {
    "canonicalName" : "Billing",
    "synonyms" : null
  }, {
    "canonicalName" : "Find Account Number",
    "synonyms" : null
  }, {
    "canonicalName" : "My Services",
    "synonyms" : null
  }, {
    "canonicalName" : "Outage",
    "synonyms" : null
  }, {
    "canonicalName" : "Report Power Line",
    "synonyms" : null
  } ],
  "namedEntityRuleParams" : [ ],
  "multiValue" : false,
  "fuzzyMatch" : true,
  "promptForDisambiguation" : true,
  "botPrompts" : [ ],
  "validationRules" : [ ],
  "compositeBagItems" : [ ]
}