{
  "name" : "Welcome",
  "type" : "NLPIntent",
  "intentParameters" : [ ],
  "exampleData" : [ {
    "sentence" : "What can you do for me?",
    "translated" : null,
    "detectedLanguage" : null,
    "translatedLanguage" : null,
    "translatedBy" : null,
    "exampleEntities" : [ ]
  }, {
    "sentence" : "Hello chatbot",
    "translated" : null,
    "detectedLanguage" : null,
    "translatedLanguage" : null,
    "translatedBy" : null,
    "exampleEntities" : [ ]
  }, {
    "sentence" : "how are you?",
    "translated" : null,
    "detectedLanguage" : null,
    "translatedLanguage" : null,
    "translatedBy" : null,
    "exampleEntities" : [ ]
  }, {
    "sentence" : "Hi there!",
    "translated" : null,
    "detectedLanguage" : null,
    "translatedLanguage" : null,
    "translatedBy" : null,
    "exampleEntities" : [ ]
  } ]
}