{
  "name" : "EntityUtterance",
  "type" : "ENUMVALUES",
  "enumValues" : [ {
    "canonicalName" : "How do I report an outage",
    "synonyms" : null
  }, {
    "canonicalName" : "I need help paying my bill",
    "synonyms" : null
  }, {
    "canonicalName" : "My power line is down",
    "synonyms" : null
  } ],
  "namedEntityRuleParams" : [ ],
  "multiValue" : false,
  "fuzzyMatch" : true,
  "promptForDisambiguation" : true,
  "botPrompts" : [ ],
  "validationRules" : [ ],
  "compositeBagItems" : [ ]
}