{
  "name" : "BillingOptions",
  "type" : "ENUMVALUES",
  "enumValues" : [ {
    "canonicalName" : "Getting Your Bill",
    "synonyms" : null
  }, {
    "canonicalName" : "Payment Assistance",
    "synonyms" : null
  }, {
    "canonicalName" : "Payment Options",
    "synonyms" : null
  }, {
    "canonicalName" : "Understanding My Bill",
    "synonyms" : null
  } ],
  "namedEntityRuleParams" : [ ],
  "multiValue" : false,
  "fuzzyMatch" : true,
  "promptForDisambiguation" : true,
  "botPrompts" : [ ],
  "validationRules" : [ ],
  "compositeBagItems" : [ ]
}