{
  "name" : "MainMenuOptions",
  "type" : "ENUMVALUES",
  "enumValues" : [ {
    "canonicalName" : "Applicances Rebates & Recycling",
    "synonyms" : [ "recycling" ]
  }, {
    "canonicalName" : "Billing",
    "synonyms" : null
  }, {
    "canonicalName" : "Find Account Number",
    "synonyms" : [ "account number" ]
  }, {
    "canonicalName" : "My Services",
    "synonyms" : [ "services" ]
  }, {
    "canonicalName" : "Outage",
    "synonyms" : null
  }, {
    "canonicalName" : "Report Power Line",
    "synonyms" : [ "power line" ]
  } ],
  "namedEntityRuleParams" : [ ],
  "multiValue" : false,
  "fuzzyMatch" : true,
  "promptForDisambiguation" : true,
  "botPrompts" : [ {
    "text" : "Please enter Entity1",
    "sequenceNr" : null
  } ],
  "validationRules" : [ ],
  "compositeBagItems" : [ ]
}