{
  "name" : "ReportOptions",
  "type" : "ENUMVALUES",
  "enumValues" : [ {
    "canonicalName" : "Mobile App",
    "synonyms" : [ "app" ]
  }, {
    "canonicalName" : "Mobile Text",
    "synonyms" : [ "text" ]
  }, {
    "canonicalName" : "Social Media",
    "synonyms" : [ "social media" ]
  }, {
    "canonicalName" : "Voice Assistant",
    "synonyms" : [ "Voice" ]
  } ],
  "namedEntityRuleParams" : [ ],
  "multiValue" : false,
  "fuzzyMatch" : false,
  "promptForDisambiguation" : true,
  "botPrompts" : [ {
    "text" : "Please enter Entity1",
    "sequenceNr" : null
  } ],
  "validationRules" : [ ],
  "compositeBagItems" : [ ]
}