{
  "name" : "PayBillOptions",
  "description" : "Pay Bill Options",
  "type" : "ENUMVALUES",
  "enumValues" : [ {
    "canonicalName" : "Learn about Other Payment Methods",
    "synonyms" : null
  }, {
    "canonicalName" : "Pay Online",
    "synonyms" : null
  }, {
    "canonicalName" : "Sign up for AutoPay",
    "synonyms" : null
  } ],
  "namedEntityRuleParams" : [ ],
  "multiValue" : false,
  "fuzzyMatch" : true,
  "promptForDisambiguation" : true,
  "botPrompts" : [ ],
  "validationRules" : [ ],
  "compositeBagItems" : [ ]
}